{"train/loss": 2.2503, "train/learning_rate": 1.2468827930174563e-07, "train/epoch": 10.0, "train/global_step": 36090, "_timestamp": 1699314769.3900394, "_runtime": 3270.9312183856964, "_step": 72, "train/train_runtime": 3274.8797, "train/train_samples_per_second": 44.081, "train/train_steps_per_second": 11.02, "train/total_flos": 2.0320963034112e+16, "train/train_loss": 2.6681282988411135, "_wandb": {"runtime": 3274}}