{"train/loss": 2.4917, "train/learning_rate": 1.3850415512465375e-07, "train/epoch": 10.0, "train/global_step": 18050, "_timestamp": 1697724071.9480703, "_runtime": 7670.691672325134, "_step": 36, "train/train_runtime": 7677.5461, "train/train_samples_per_second": 18.803, "train/train_steps_per_second": 2.351, "train/total_flos": 2.6138272891392e+16, "train/train_loss": 2.8337600522028112, "_wandb": {"runtime": 7670}}