{"train/loss": 3.1118, "train/learning_rate": 4.238016070933777e-05, "train/epoch": 1.52, "train/global_step": 5500, "_timestamp": 1699311405.1198835, "_runtime": 1204.757958650589, "_step": 20, "_wandb": {"runtime": 1088}}