{"train/loss": 1.4897, "train/learning_rate": 1.2468827930174563e-07, "train/epoch": 20.0, "train/global_step": 72180, "_timestamp": 1699444266.1663396, "_runtime": 14728.525901556015, "_step": 164, "eval/loss": 3.5240447521209717, "eval/runtime": 29.5867, "eval/samples_per_second": 66.246, "eval/steps_per_second": 16.562, "train/train_runtime": 14732.7529, "train/train_samples_per_second": 19.597, "train/train_steps_per_second": 4.899, "train/total_flos": 3.5340600609792e+16, "train/train_loss": 1.9949246016259536}