{"train/loss": 1.9192, "train/learning_rate": 3.857024106400665e-05, "train/epoch": 4.57, "train/global_step": 16500, "_timestamp": 1699355629.1218657, "_runtime": 2461.537799835205, "_step": 32}